{
    "Name":"I-Series",
    "Brand":"ETK",
    "Author":"BeamNG",
    "Country":"Germany",
    "Performance Class":"5",
    "Body Style":"Sedan",
    "Type":"Car",
    "Derby Class":"Mid-Size Car",
    "default_color":"Royal Blue",
    "default_pc":"2400i_M",
    "colors":{
        "Pearl White": "1 1 1 1.2",
        "Cream": "1 0.9 0.8 1.4",
        "Light Brown": "0.6 0.45 0.35 1.4",
        "Gray": "0.5 0.5 0.5 1.3",
        "Carbon Gray": "0.33 0.33 0.33 1.3",
        "Jet Black": "0 0 0 1.3",
        "Fire Red": "1 0 0 1.2",
        "Scarlet Red": "0.68 0.1 0.11 1.3",
        "Flame Orange": "1 0.3 0 1.2",
        "Sky Blue": "0.052 0.52 0.90 1.3",
        "Burgundy": "0.5 0 0 1.2",
        "Maroon": "0.3 0 0 1.2",
        "Forest Green": "0.1 0.4 0.2 1.2",
        "Silver": "0.65 0.65 0.65 1.2",
        "Champagne": "0.55 0.5 0.45 1.2",
        "Royal Green": "0.05 0.15 0.08 1.2",
        "Opal Green": "0.22 0.37 0.33 1.3",
        "Seafoam Green": "0.24 0.48 0.48 1.2",
        "Shale Green": "0.22 0.27 0.23 1.3",
        "Chartreuse": "0.56 0.68 0.38 1.3",
        "Sea Blue": "0.2 0.3 0.6 1.2",
        "Royal Blue": "0.0 0.1 0.42 1.3",
        "Aquamarine": "0.15 0.35 0.6 1.2",
        "Midnight Pearl": "0 0.04 0.13 1.2",
        "Brilliant Blue": "0.05 0.35 0.8 1.2",
        "Solar Yellow": "0.95 0.7 0.1 1.3",
        "Vibrant Red": "0.9 0.05 0.04 1.3",
        "Pleasant Blue": "0.35 0.50 0.65 1.2",
        "Bermuda Blue": "0.06 0.145 0.17 1.2",
        "Navy Blue": "0.0 0.05 0.25 1.2",
        "Steel Gray": "0.478 0.543 0.578 1.3"
    }
}